Word-Expression,English,Arabic,Kurdish
Authentication ,,,
,,,
Login,Log in,تسجيل دخول,چوونەژوورەوە
Login and unlock your next ride,Log in to find your perfect car,قم بتسجيل الدخول للعثور على سيارتك المثالية,بۆ دۆزینەوەی ئۆتۆمبێلە تەواوەکەت بچۆرە ژوورەوە
Don't have account?,Don’t have an account?,ليس لديك حساب؟,هەژمارت نییە؟
Sign up,Sign up,قم بالتسجيل,بەشداری بکە
Enter code,Enter code,ادخل الرمز,کۆدەکە داخڵ بکە 
A one time password has been sent to your whatsApp,A one time password has been sent to your WhatsApp.,تم إرسال كلمة المرور لمرة واحدة إلى الواتساب الخاص بك.,وشەی نهێنی یەکجارەکی بۆ واتساپەکەت نێردراوە.
Resend on WhatsApp,Resend on Whatsapp,إعادة الإرسال على الواتساب,دووبارە بنێرە لە واتساپ
Resend as SMS,Resend as SMS,إعادة الإرسال كرسالة SMS,دووبارە بە SMS بنێرە
One step away from your perfect drive.,One step away from your perfect car.,على بعد خطوة من سيارتك المثالية,هەنگاوێک لە ئۆتۆمبێلە تەواوەکەت دوورە
Already have an account?,Already have an account?,لديك حساب بالفعل؟,هەژمارت هەیە؟ 
"By clicking sign up, you agree to the Terms and Conditions ","By clicking sign up, you agree to the Terms and Conditions ",بالضغط على تسجيل فإنك توافق على الأحكام والشروط,بە کرتەکردن لەسەر تۆمارکردن تۆ ڕەزامەندیت لەسەر مەرج و ڕێساکان.
and confirm you have read our Privacy policy,and confirm you have read our Privacy policy,وتأكد من أنك قرأت سياسة الخصوصية الخاصة بنا,و پشتڕاستی بکەرەوە کە سیاسەتی پاراستنی نهێنی ئێمەت خوێندووەتەوە
Account type,Account type,نوع الحساب,جۆری ئەکاونت
Personal,Personal,شخصي,کەسی
Dealer,Dealer,تاجر,بازرگان
Brand,Brand,وكالة,بريكار
Basic details,Basic details,التفاصيل الأساسية,وردەکارییە بنەڕەتییەکان
Address,Address,العنوان,ناونیشان 
Submit,Submit,تقديم ,پێشکەشکردن
Select your business focus,Select your business focus,اختر مجال عملك,بوارى کارەکەت هەڵبژێرە
Cars,Cars,سيارات ,ئۆتۆمبێل
Spares,Spares,قطع غيار,پارچەی یەدەگ
Both,Both,كلاهما,هەردووک
A one time password has been sent to your email.,A one time password has been sent to your email.,لقد تم إرسال كلمة مرور لمرة واحدة إلى بريدك الإلكتروني.,وشەی نهێنی یەکجارەکی بۆ ئیمەیڵەکەت نێردراوە.
A one time password has been sent to your Phone number ,A one time password has been sent to your phone number ,لقد تم إرسال كلمة مرور لمرة واحدة إلى رقم هاتفك,وشەی نهێنی یەکجارەکی بۆ ژمارەی تەلەفۆنەکەت نێردراوە
Date of birth,Date of birth,تاريخ الميلاد,بەرواری لەدایکبوون
Continue,Continue,استمر,بەردەوام بە 
Dealership details,Dealership details,تفاصيل المعرض,وردەکاری پێشانگاکە
Dealership phone number,Dealership phone number,رقم هاتف المعرض,ژمارەی تەلەفۆنی پێشانگاکە
Service provider,Sales agent,وكيل المبيعات,بریکاری فرۆشتن
Web or social media ,Website or social media ,الموقع الإلكتروني أو وسائل التواصل الاجتماعي,ماڵپەڕ یان سۆشیال میدیا
Working hours,Working hours,ساعات العمل,کاتەکانی کارکردن
About your dealership,About your dealership,حول معرضك,نزیکەی پێشانگاکە
Upload dealership KYC documents,Upload dealership KYC documents,تحميل ملفات اعرف عميلك (KYC) الخاصة بالمعرض,فایلەکانی کڕیارەکەت بناسە (KYC)ی پێشانگاکە باربکە
working hours,Working hours,ساعات العمل,کاتەکانی کارکردن
Sunday,Sunday,الأحد,یەک شەممە 
Monday,Monday,الاثنين,دووشەممە
Tuesday,Tuesday,الثلاثاء,سێ شەممە 
Wednesday,Wednesday,الأربعاء,چوار شەممە 
Thursday,Thursday,الخميس,پێنج شەممە 
Friday,Friday,الجمعة,هەینی 
Saturday,Saturday,السبت,شەممە 
Dealership KYC documents,Dealership KYC documents,ملفات اعرف عميلك (KYC) الخاصة بالمعرض,پێشانگا فایلەکانی کڕیارەکەت بناسە (KYC).
Manager’s full name,Manager's name,اسم المدير,ناوی بەڕێوەبەر
Brand details,Brand details,تفاصيل الوكالة,وردەکارییەکانی بریکارەکە
Brand name,Brand name,أسم الوكالة,ناوی بریکار
Brand phone number,Brand phone number,رقم هاتف الوكالة,ژمارەی تەلەفۆنی بریکارەکە
Sales agent ,Sales agent,وكيل المبيعات,بریکاری فرۆشتن
Web or social media ,Website or social media ,الموقع الإلكتروني أو وسائل التواصل الاجتماعي,ماڵپەڕ یان سۆشیال میدیا
Upload brand KYC documents,Upload brand KYC documents,تحميل ملفات اعرف عميلك (KYC) الخاصة بالوكالة,فایلەکانی کڕیارەکەت بناسە (KYC). بریکارەکە دابەزێنە
Click to download or drag and drop,Click to upload or drag and drop,اضغط للتحميل أو السحب والإفلات,بۆ بارکردن یان ڕاکێشان و دابەزاندن کلیک بکە
Brand KYC documents,Brand KYC documents,ملفات اعرف عميلك (KYC) الخاصة بالوكالة,فایلەکانی دەزگای کڕیارەکەت بناسە (KYC).
About your brand,About your brand,معلومات عن الوكالة,زانیاری دەربارەی بریکارەکە
,,,
,,,
,,,
,,,
,,,
car details,,,
,,,
Basic,Basic details,التفاصيل الأساسية,وردەکارییە بنەڕەتییەکان
Features,Features,المميزات,تایبەتمەندییەکان
Specifications,Specifications,المواصفات,تایبەتمەندییەکان
Rating,Rating,التقييم,هەڵسەنگاندن
Mark as sold,Mark sold,تم البيع,فڕۆشرا 
Make,Make,الشركة,کۆمپانیا
Model,Model,الموديل,مۆدێل
Model variant,Model variant,الفئة,جۆر
Make year,Make Year,سنة الصنع,ساڵی بەرهەمهێنان
Kilometers,Kilometres,عدد الكيلومترات ,کیلۆمەترەکان
Gearbox,Gearbox,ناقل الحركة,گێڕ 
Fuel type,Fuel type,نوع الوقود,جۆری سووتەمەنی
Body type,Body type,نوع الهيكل,جۆری بۆدی 
Car import,Car import,وارد السيارة,هاوردەکردنی ئۆتۆمبێل
Condition & Paint,Condition & paint,حالة الهيكل والطلاء,باری جەستە و بۆیاخ
Exterior color,Exterior colour,اللون الخارجي,ڕەنگی دەرەوە
Interior color,Interior colour,اللون الداخلي,ڕەنگی ناوەوە
Doors,Doors,الأبواب,دەرگاکان
Seats,Seats,المقاعد,کورسییەکان
Seat material,Seat material,مادة المقعد,کەرەستەی کورسی
Plate type,Plate type,نوع الرقم,جۆری ژمارە
Audio and Communication,Audio and communication,الصوت والاتصالات,دەنگ و پەیوەندییەکان
Driver Assistance ,Driver assistance,مساعدة السائق,هاوکاری شۆفێر
Exterior features,Exterior features,الميزات الخارجية,تایبەتمەندی دەرەکی
Interior features,Interior features,الميزات الداخلية,تایبەتمەندیەکانی ناوەوە
Illumination,Illumination,الإضاءة,ڕووناکی
Performance,Performance,الأداء,ئەدا
Engine & mechanics,Engine and performance,المحرك والأداء,بزوێنەر و کارایی
Dimensions & capacity,Dimensions and capacity,الأبعاد والسعة,ڕەهەند و توانا
Battery & charging ,Battery and charging,البطارية والشحن,پاتری و شەحنکردنەوە
Delete your ad,Delete your ad,حذف إعلانك,ڕیکلامەکەت بسڕەوە
Are you sure you want to delete this ad? This process can not be undone,Are you sure you want to delete this ad? This process cannot be undone,هل أنت متأكد من رغبتك في حذف هذا الإعلان؟ لا يمكن التراجع عن هذه العملية.,دڵنیای کە دەتەوێت ئەم ڕێکلامە بسڕیتەوە؟ ئەم پرۆسەیە ناتوانرێت هەڵبوەشێتەوە
Delete,Delete,حذف,سڕینەوە
cancel,Cancel,إلغاء,هەڵوەشاندنەوە
Renew the ad,Renew ad,تجديد الإعلان,ڕیکلامەکە نوێ بکەرەوە
Performance,Performance,الأداء,ئەدا
Engine size,Engine size ,حجم المحرك,قەبارەی بزوێنەر
Engine power,Engine power ,قوة المحرك,هێزی بزوێنەر
Engine torque,Engine torque,عزم المحرك,هێزی بزوێنەر
Acceleration (0 to 100 ),Acceleration (0 to 100),التسارع (من 0 إلى 100),خێرایی (0 بۆ 100)
Top speed,Top speed,السرعة القصوى,زۆرترین خێرایی
Cylinders,Cylinders,سلندرات,سلندەرەکان
Fuel tank capacity ,Fuel tank capacity,سعة خزان الوقود,توانای تانکی سووتەمەنی
Gross vehicle weight,Gross vehicle weight,وزن السيارة الإجمالي,کێشی گشتی ئۆتۆمبێل
Minimum kerb weight,Minimum kerb weight,الوزن الأدنى للسيارة,کەمترین کێشی ئۆتۆمبێلەکە
Max loading weight,Max loading weight,أقصى وزن التحميل,زۆرترین کێشی بارکردن
Boot space,Boot space,مساحة صندوق الأمتعة,فەزای سندوقی ئۆتۆمبێل
Height,Height,الارتفاع,بەرزی
Width,Width,العرض,پانی
Length,Length,الطول,دڕێژەی 
Wheelbase,Wheelbase,قاعدة العجلات,ویلبەیس
Capacity,Capacity,السعة,توانا
Range,Range,المدى,ڕێژە
Energy consumption,Energy consumption,استهلاك الطاقة,بەکارهێنانی وزە
Battery type,Battery type,نوع البطارية,جۆری پاتری
What kind of account are you creating ?,What type of account are you creating?,ما نوع الحساب الذي تقوم بإنشائه؟,چ جۆرە ئەکاونتێک دروست دەکەیت؟
,,,
,,,
,,,
,,,
,,,
,,,
,,,
,,,
Baz,,,
,,,
Smart Search,Smart search,البحث الذكي,گەڕانی زیرەک
"Enter your budget, make, or model, and Baz quickly finds the cars that match your needs ","Enter your budget, make, and model, and Baz will identify the most suitable cars for you.",أدخل ميزانيتك والشركة والموديل، وسيقوم باز بتحديد أنسب السيارات لك.,بودجە و کۆمپانیا و مۆدێلەکەت بنووسە و کۆمپانیای باز گونجاوترین ئۆتۆمبێلەکانت بۆ دیاری دەکات.
Quick Comparison,Quick comparison,مقارنة سريعة,بەراوردکردنی خێرا
Compare multiple cars side-by-side and see the key differences instantly,Compare cars side by side and view key differences instantly.,قم بمقارنة السيارات جنبًا إلى جنب واطلع على الاختلافات الرئيسية على الفور.,بەراوردکردنی ئۆتۆمبێلەکان شان بە شانی یەکتر و بینینی جیاوازییە سەرەکییەکان لە یەک کاتدا.
Market Insights,Market insights,تحليلات السوق,شیکاری بازاڕ
Get updates on average prices and availability so you know if you’re getting a good deal.,Stay informed on market prices and availability so you can secure the right deal.,ابق على اطلاع على أسعار السوق ومدى توفرها حتى تتمكن من تأمين الصفقة الصحيحة.,ئاگاداربە لە نرخی بازاڕ و بەردەستبوونی تا بتوانیت گرێبەستی دروست مسۆگەر بکەیت.
Ask Baz anything!,Ask Baz anything!,اسأل باز أي شيء!,هەر شتێک لە باز بپرسە!
,,,
,,,
Sell Car,,,
,,,
Sell your car,Sell your car,بيع سيارتك,ئۆتۆمبێلەکەت بفرۆشە
You can write it or photograph it and we will take care of the rest.,"Write it or photograph it, and we will handle the rest.",اكتبه أو قم بتصويره، وسنتولى الباقي.,تایپی بکە یان وێنەی بگرە، ئەوەی تریش دەیکەین.
Chassis number (VIN),Chassis number (VIN),رقم الشاصي ,ژمارەی شاسی
Search VIN number,Search VIN number,ابحث عن رقم الشاصي,بگەڕێ بەدوای ژمارەی شاسی
Proceed without VIN number,Proceed without VIN number,تابع بدون رقم الشاصي,بەردەوام بە بەبێ ژمارەی شاسی
How to find the VIN?,How to find the VIN?,كيف تجد رقم الشاصي؟,چۆن ژمارەی شاسی دەدۆزیتەوە؟
Behind the windshield from the driver’s side,Behind the windshield from the driver’s side,خلف الزجاج الأمامي من جانب السائق,لە پشت جامی ئۆتۆمبێلەوە لە لای شۆفێر
On the driver’s door frame,On the driver’s door frame,على إطار باب السائق,لەسەر چوارچێوەی دەرگای شۆفێرەکە
You must confirm your phone number to be able to publish your ad.,Verify your phone number to publish your ad.,قم بتأكيد رقم هاتفك لنشر إعلانك.,ژمارەی تەلەفۆنەکەت پشتڕاست بکەرەوە بۆ بڵاوکردنەوەی ڕیکلامەکەت.
Verify now,Verify now,أكد الآن,تاکید بکە
pictures,Pictures,الصور,وێنە
car detalis,Car details,تفاصيل السيارة,وردەکاری ئۆتۆمبێل
Payment,Payment,الدفع,پارەدان
Main photo to the car,Main photo of the car,الصورة الرئيسية للسيارة,وێنەی سەرەکی ئۆتۆمبێلەکە
Photo 2,Photo 2,الصورة 2,وێنەی 2
Photo 3,Photo 3,الصورة 3,وێنەی 3
Photo 4,Photo 4,الصورة 4,وێنەی 4
more photos,More photos,المزيد من الصور,وێنەی زیاتر
You must uploade at least 4 images,You must upload at least 4 photos of the car,يجب ان تحمل 4 صور للسيارة على الأقل,پێویستە بەلایەنی کەمەوە ٤ وێنەی ئۆتۆمبێلەکە باربکەیت.
Video of the car  (if available),Video of the car  (if available),فيديو للسيارة (إن وجد),ڤیدیۆی ئۆتۆمبێلەکە (ئەگەر هەبێت)
Next,Next,التالي,داهاتوو
Back,Back,السابق,پێشووتر
"Upload your car images and let Ako Sayara AI simplify your car posting process","Upload your car photos and let Ako Sayara AI simplify your car posting process
",قم بتحميل صور سيارتك ودع اكو سيارة AI يبسط عملية نشر سيارتك,وێنەی ئۆتۆمبێلەکەت باربکە و با ئەکو سەیارە AI پرۆسەی پۆستکردنی ئۆتۆمبێلەکەت ئاسان بکات
Search for a model,Search models,البحث في الموديلات,مۆدێلی گەڕان
Search for a model variant ,Search model variants,البحث في الفئات,گەڕان بەدوای تریمەکاندا
Car description,Car description,وصف السيارة,وەسفکردنی ئۆتۆمبێل
Plate Type,Plate type,نوع الرقم,جۆری ژمارە
Price,Price,السعر,نرخ
Price $,Price $,السعر $,نرخ $
Price in IQD,Price IQD,السعر بالدينار العراقي,نرخی IQD
Finance ,Finance,أقساط ,قيست
No,No,لا,نەخێر
Yes,Yes,نعم,بەڵێ
Ad label,Ad label,ملصق إعلاني,پۆستەری ڕیکلام
Full option,Full option,كامل المواصفات,تایبەتمەندییە تەواوەکان
Brand new label,Brand new,الموديل الحديث,مۆدێلی تازە
New price,New price,السعر الجديد,نرخی نوێ
Brand warranty,Brand warranty,ضمان الوكالة,گەرەنتی بریکارەکە
Choose plan ,Choose plan,اختر الاشتراك,سەبسکرایبکردن هەڵبژێرە
Show your ad everywhere,Show your ad everywhere,اعرض إعلانك في كل مكان,لە هەموو شوێنێک ڕیکلامەکەت پیشان بدە
Would you like to boost your ad?,Would you like to boost your ad?,هل ترغب في ترويج إعلانك؟,دەتەوێت بانگەشە بۆ ڕیکلامەکەت بکەیت؟
You will get,You will get,سوف تحصل على,بەدەست دەهێنیت
7 Day,7 Days,7 أيام,7 ڕۆژ
14 Day,14 Days,14 يوم,14 ڕۆژ
30 Day,30 Days,30 يوم,30 ڕۆژ
Promotes your advert inside the Ako Sayara app,Boosts your advert inside the Ako Sayara app,روج إعلانك داخل تطبيق اكو سيارة,ڕیکلامەکەت بەرز بکە لە ناو ئەپڵیکەیشنی ئەکو سەیارە
Push it to the top of search results for more visibility,Push your advert to the top of search results for greater visibility.,ادفع إعلانك إلى أعلى نتائج البحث لتحقيق رؤية أكبر.,ڕێکلامەکەت پاڵ بنێ بۆ سەرەوەی ئەنجامی گەڕان بۆ بینینی زیاتر.
Would you like to promote your ad on Social media?,Would you like to boost your ad on Social media?,هل ترغب في الترويج لإعلانك على وسائل التواصل الاجتماعي؟,حەز دەکەیت ڕیکلامەکەت لە سۆشیال میدیا بانگەشە بکەیت؟
Promotes your advert on social media platforms,Boost your advert on social media channels,روج إعلانك على قنوات التواصل الاجتماعي,ڕیکلامەکەت بەرز بکە لەسەر کەنالەکانی تۆڕە کۆمەڵایەتی
Reach a wider audience beyond the app,Reach a wider audience beyond the app,الوصول إلى جمهور أوسع خارج التطبيق,گەیشتن بە بینەرێکی فراوانتر لە دەرەوەی ئەپەکە
Ad boost,Ad boost,ترويج الإعلان,پڕۆمۆشنی ڕیکلام
Social media boost,Social media boost,ترويج على وسائل التواصل الاجتماعي,پڕۆمۆشنی سۆشیاڵ میدیا
Tax,Tax,الضريبة,باج
Total price,Total price,السعر الكلي,نرخی گشتی
Pay,Pay,الدفع,پارەدان
"Our advanced AI is working now to
check every detail and make sure
your car listing stands out.",Our advanced AI is working now to check every detail and make sure your car listing stands out.,يعمل الذكاء الاصطناعي المتطور لدينا الآن على مراجعة كل التفاصيل للتأكد من أن إعلان سيارتك مميز.,ئای پیشکەوتووەکەمان ئێستا هەموو وردەکارییەکان پشکنین دەکات بۆ ئەوەی ڕیکلامی سەیارەکەت جیاواز بێت.
"Sit back while we use the latest technology to find the most accurate
 information for your vehicle.",Sit back while we use the latest technology to find the most accurate information for your vehicle.,استرخِ بينما نستخدم أحدث التقنيات للعثور على أدق المعلومات حول سيارتك.,ئەرەم بگرە کاتێک نوێترین تەکنەلۆژیا بەکاردێنین بۆ دۆزینەوەی ڕاستترین زانیاری بۆ سەیارەکەت.
"Thanks for trusting Ako Sayara, your
listing will be ready with verified
details in just a moment.","Thanks for trusting Ako Sayara, your listing will be ready with verified details in just a moment.",شكرًا لثقتك في اكو سيارة، إعلانك سيكون جاهزًا مع تفاصيل موثوقة خلال لحظات.,سوپاس بۆ باوەڕت بە ئەکو سەیارە، ڕیکلامەکەت بە وردەکاری دڵنیا لە ماوەی کەمێکدا ئامادە دەبێت.
The ad was successfully Published,Your advert was published successfully and is awaiting approval.,لقد تم نشر إعلانك بنجاح وهو الآن في انتظار الموافقة.,ڕیکلامەکەت بە سەرکەوتوویی بڵاوکرایەوە و چاوەڕێی پەسەندکردنە.
You can see it in your ads Under review ,You can view it in your ads under review.,يمكنك مشاهدته في إعلاناتك قيد المراجعة.,دەتوانن لە ڕێکلامەکانتان کە لە ژێر پێداچوونەوەدان سەیری بکەن.
This is my car,This is my car,هذه سيارتي,ئەمە ئۆتۆمبیلەکەمە
This is not my car,This is not my car,هذه ليست سيارتي,ئەمە ئۆتۆمبێلی من نییە
American import,American import,وارد أمريكي,هاوردەکردن ئەمریکی
Japanese import,Japanese import,وارد ياباني,هاوردەکردن یابانی
Korean import,Korean import,وارد كوري,هاوردەکردن کۆری
European import,European import,وارد أوروبي,هاوردەکردن ئەوروپی
Chinese import,Chinese import,وارد صيني,هاوردەکردن چینی
Arab Gulf import,Arab Gulf import,وارد خليجي,هاوردەکردن خەلیجی
Other specs,Other import,وارد أخرى,هاوردەکردن کانی تر
Excellent with no defects,Excellent with no defects,ممتازة بدون عيوب,نایاب بەبێ کەموکوڕی
Parts,Parts,قطعة,پارچە
Part,Part,قطعة,پارچە
"Total repaint",Total repaint,معادة الطلاء,دووبارە بۆیاخکراو
fabric,Fabric,قماش,قوماش
leather,Leather,جلد,چەرم
Mix,Mix,نصف جلد,نیوە پێست
Suede,Suede,شامواه,سوید
Suede & leather,Suede and leather,شامواه وجلد طبيعي,سوید و چەرم
Bi Fuel,Bi Fuel,ثنائية الوقود,دوو سووتەمەنی
Diesel,Diesel,ديزل,گاز
Diesel Plug-in,Diesel Plug-in,ديزل كهربائي هجين,هایبرید گاز کارەبایی
Electric,Electric,كهربائي,كارەبایی
Petrol,Petrol,بنزين,بەنزین
Petrol Hybrid,Petrol Hybrid,بنزين هجين,بەنزینی هايبريد
Gas,Gas,غاز,غاز
Petrol Plug-in Hybrid,Petrol Plug-in Hybrid ,بنزين كهربائي هجين,بەنزین هایبرید کارەبایی
Unlisted,Unlisted,غير مدرج,بێ لیستە
Automatic,Automatic,أوتوماتيك,ئۆتۆماتیکی
Manual,Manual,عادي,عادی
Saloon,Saloon,صالون,صاڵۆن
Pickup,Pickup, بيك اب,پیكاب
MPV,MPV, متعددة الأغراض,فرە مەبەست
Van,Van,فان,ڤان
Hatchback,Hatchback,هاتشباك,هاچباک
SUV,SUV,دفع رباعي,دەبڵ ئەکسڵ
Estate,Estate, ستيشن,ستێشن 
Convertible,Convertible, مكشوفة,سەقف کەشف
Coupe,Coupe,كوبيه,کوپ
Choose,Select,اختر,هەڵبژێرە
,,,
,,,
,,,
,,,
,,,
Rent car,,,
,,,
Rent your car,Rent your car,أجر سيارتك ,ئۆتۆمبێلەکەت بە کرێ بده 
Search VIN number,Search VIN number,ابحث عن رقم الشاصي,بگەڕێ بەدوای ژمارەی شاسی
Proceed without VIN number,Proceed without VIN number,تابع بدون رقم الشاصي,بەردەوام بە بەبێ ژمارەی شاسی
Daily,Daily,يومياً,ڕۆژانە
weekly,Weekly,أسبوعياً,هەفتانە
Monthly,Monthly,شهرياً,مانگانە
,,,
,,,
Edit Ads,,,
,,,
Edit your ads,Edit your advert,عدل إعلانك,دەستکاری ڕێکلامەکەت بکە
The ad was successfully Edited,Your advert was successfully edited.,لقد تم تعديل إعلانك بنجاح.,ڕێکلامەکەت بە سەرکەوتوویی دەستکاری کرا.
You can see it in your ads ,You can see it in your adverts.,يمكنك رؤيته في إعلاناتك.,دەتوانن لە ڕێکلامەکانتان بیبینن.
Save change,Save changes,حفظ التغييرات,گۆڕانکارییەکان بپارێزە
,,,
,,,
,,,
,,,
,,,
My Ads,,,
,,,
Active,Live adverts,الاعلانات الحية,ڕێکلامە ڕاستەوخۆکان 
Under review,Under review,قيد المراجعة,لە ژێر پێداچوونەوەدایە
Soon to Expire,Expiring soon,تنتهي صلاحيته قريبا,بەم زووانە بەسەر دەچێت
Expired,Expired,انتهت صلاحيته,بەسەرچوو
sold,Sold,تم البيع,فڕۆشرا 
pending approval,Pending approval,قيد الموافقة,بە چاوەڕوانی پەسەندکردن
Edit,Edit,تعديل,دەستکاریکردن 
Rented,Rented,تم الإيجار,بە کرێ دراوە
Sold,Sold,تم البيع,فڕۆشرا 
Renew the ad,Renew ad,تجديد الإعلان,ڕیکلامەکە نوێ بکەرەوە
day left,Day left,يوم متبقي,ڕۆژێک ماوە
days left,Days left,أيام متبقية,چەند ڕۆژێک ماوە
Expire,Expired,انتهت صلاحيته,بەسەرچوو
Sold to,Sold to,تم بيعها إلى,فرۆشرا بە
Rented to,Rented to,تم تأجيرها إلى,بەکرێ گیراوە بۆ
someone out the Ako sayara,Outside Ako Sayara,خارج اكو سيارة,دەرەوە ئەکو سەیارە
This car was sold,This car was sold,تم بيع هذه السيارة,ئەم ئۆتۆمبێلە فرۆشرا
Where was the car sold?,Where was the car sold?,أين بيعت السيارة؟,ئۆتۆمبێلەکە لە کوێ فرۆشرا؟
Inside Ako Sayara,Inside Ako Sayara,داخل اكو سيارة,لەناو ئەکو سەیارە
Outside Ako Sayara,Outside Ako Sayara,خارج اكو سيارة,دەرەوە ئەکو سەیارە
This car was rented,This car was rented,تم تأجير هذه السيارة,ئەم ئۆتۆمبێلە بە کرێ گیراوە.
Where was the car rent?,Where was the car rented?,أين تم تأجير السيارة؟,ئۆتۆمبێلەکە لە کوێ بەکرێ گیراوە؟
Confirm,Confirm,تأكيد,دڵنیاکردنەوە
This car was successfully sold,This car was successfully sold,تم بيع هذه السيارة بنجاح,ئەم ئۆتۆمبێلە بە سەرکەوتوویی فرۆشرا
You can see the car in your sold ads,You can see it in your sold adverts,يمكنك رؤيتها في إعلاناتك المباعة,دەتوانن لە ڕیکلامە فرۆشراوەکانتان بیبینن
This car was sold to,This car was sold to,تم بيع هذه السيارة ل,ئەم ئۆتۆمبێلە بە
Choose the buyer,Select buyer,اختر المشتري,کڕیار هەڵبژێرە
Buyer’s name,Buyer’s name,اسم المشتري,ناوی کڕیار
This car was rented to,This car was rented to,تم تأجير هذه السيارة ل,ئەم ئۆتۆمبێلە بۆ
Confirm this is the buyer,Confirm this is the buyer,أكد أن هذا هو المشتري,دووپاتی بکەرەوە کە ئەمە کڕیارە
You do not have any ads,You do not have any ads,ليس لديك أي إعلانات,هیچ ڕیکلامێکتان نییە
,,,
,,,
,,,
Check my car,,,
,,,
Check your car,Check your car,تحقق من سيارتك,دڵنیابه لە ئۆتۆمبێلەکەت
You can write it or photograph it and we will take care of the rest.,"Write it or photograph it, and we will handle the rest.",اكتبه أو قم بتصويره، وسنتولى الباقي.,تایپی بکە یان وێنەی بگرە، ئەوەی تریش دەیکەین.
You must confirm your phone number to be able to Check your car.,Verify your phone number to check your car.,قم بتأكيد رقم هاتفك للتحقق من سيارتك.,ژمارەی تەلەفۆنەکەت پشتڕاست بکەرەوە بۆ پشکنینی ئۆتۆمبێلەکەت.
"Guaranteed secure transactions: Your payment is
processed with the utmost care and encryption for a worry-free experience. ",Guaranteed secure transactions: Your payment is processed with the utmost care and encryption for a worry-free experience.,ضمان سلامة تعاملات الدفع: تتم معالجة دفع أموالك بأقصى قدر من العناية والتشفير للحصول على تجربة خالية من القلق.,دڵنیابە لە سەلامەتی مامەڵەکانی پارەدان: پارەدانەکەت بە ئەوپەڕی وردبینی و کۆدکردنەوە پرۆسێس دەکرێت بۆ ئەزموونێکی بێ نیگەرانی.
Tax,Tax,الضريبة,باج
"Gain access to car Information confidently, ensuring a transparent and trusted transaction.","Gain access to car Information confidently, ensuring a transparent and trusted transaction.",يمكنك الوصول إلى معلومات السيارة بثقة، مما يضمن إجراء معاملة شفافة وموثوقة.,دەتوانیت بە متمانەوە دەستت بگات بە زانیارییەکانی ئۆتۆمبێل، دڵنیابوون لە مامەڵەیەکی شەفاف و متمانەپێکراو.
"Your one time payment ensures access to extensive
 car information. If details are not found, rest easy,
 no charge will be applied, prioritizing your
 confidence in our service","Your one time payment ensures access to extensive car information. If details are not found, rest easy, no charge will be applied, prioritizing your confidence in our service",يضمن دفعك لمرة واحدة الوصول إلى معلومات شاملة عن السيارة. إذا لم يتم العثور على التفاصيل، فلا تقلق، فلن يتم تطبيق أي رسوم دفع، مع إعطاء الأولوية لثقتك في خدمتنا,پارەدانت بۆ یەک جار گەرەنتی گەیشتنت بە گشت زانیارییەکانی ئۆتۆمبێلەکە دەدات . ئەگەر زانیارییەکان نەدۆزرانەوە ، نیگەران مەبە ، هیچ بڕە پێدانێکی پارەو لەسەر هەژمار ناکرێت ، لەگەڵ پێدانی مافی تۆ بە متمانە کردن بە خزمەتگوزارییەکانمان.
Basic details,Basic details,التفاصيل الأساسية,وردەکارییە بنەڕەتییەکان
Exterior color,Exterior colour,اللون الخارجي,ڕەنگی دەرەوە
Standard seating,Standard seating,أماكن جلوس عادية,شوێنی دانیشتنی ئاسایی
Tiers,Tires,الإطارات,تایەی ئۆتۆمبێل
Gearbox,Gearbox,ناقل الحركة,گێڕ 
Interior trim,Interior trim,المواصفات الداخلية,تایبەتمەندییە ناوخۆییەکان
Drive line,Drive line,خط القيادة,هێڵی لێخوڕین
Destination charge,Destination charge,رسوم الوجهة,پارەی شوێنی مەبەست
Powertrain distance,Powertrain distance,مسافة توليد القوة,مەودای بەرهەمهێنانی کارەبا
Powertrain duration,Powertrain duration,مدة توليد القوة,ماوەی بەرهەمهێنانی کارەبا
Basic Distance,Basic Distance,المسافة الأساسية,مەودای بنەڕەتی
Basic duration,Basic duration,المدة الأساسية,ماوەی بنەڕەتی
Rust distance,Rust distance,مسافة الصدأ,مەودای ژەنگ
Curb weight Automatic,Curb weight Automatic,الوزن الفارغ اوتوماتيكي,کێشی تارە ئۆتۆماتیکی دەبێت
Highway mileage,Highway mileage,عدد الكيلومترات في الطريق السريع,میلەکانی ڕێگاوبان
Curb weight Automatic,Turning diameter,قطر الدوران,تیرەی خولانەوەی
Turning diameter,Turning diameter,قطر الدوران,تیرەی خولانەوەی
City mileage,City mileage,عدد الكيلومترات داخل المدينة,ژمارەی کیلۆمەترەکانی ناو شار
Engine ,Engine size ,حجم المحرك,قەبارەی بزوێنەر
Dimensions & capacity,Dimensions and capacity,الأبعاد والسعة,ڕەهەند و توانا
Ground clearance,Ground clearance,الخلوص الأرضي للسيارة,هێڵی زەوی ئۆتۆمبێلەکە
Rear shoulder tie downs,Rear Shoulder tie downs,أحزمة ربط الكتف الخلفية للسيارة,شانەکانی دواوەی ئۆتۆمبێل
Front shoulder room,Front shoulder room,مساحة الكتف الأمامية,ژووری پێشەوەی شان
Front headroom,Front headroom,مساحة الرأس الأمامية,شوێنی سەری پێشەوە
Front leg room,Front leg room,مساحة للساقين الأمامية,ژووری قاچی پێشەوە
Fuel tank  ,Fuel tank,خزان الوقود,تانکی سووتەمەنی
Cargo volume,Cargo volume,حجم صندوق البضائع,قەبارەی سندوقی بارهەڵگر
Rear hip room,Rear hip room,غرفة الورك الخلفية,ژووری پشتەوەی شان
Rear leg room,Rear leg room,المساحة الخلفية للأرجل,شوێنی قاچی دواوە
Rear headroom,Rear headroom,مساحة الرأس الخلفية,شوێنی سەری دواوە
Suspension & brakes,Suspensions & brakes,أنظمة التعليق والفرامل,هەڵپەساردن و سوکان
Front brake,Front brake,الفرامل الأمامية,بريكى پێشەوە
Rear brake type,Rear brake type,نوع الفرامل الخلفية,جۆری بريكى دواوە
Anti break system,Anti break system,نظام منع انغلاق المكابح,ABS
Rear spring type,Rear spring type,نوع النابض الخلفية,جۆری بەهاری پشتەوە
Rear suspension,Rear suspension,نظام التعليق الخلفي,سیستەمی هەڵپەساردنی دواوە
Steering type,Steering type,نوع المقود,جۆری سوكان
Front spring type,Front spring type,نوع النابض الأمامي,جۆری بەهاری پێشەوە
Front suspension,Front suspension,نظام التعليق الأمامي,هەڵپەساردنی پێشەوە
Production & invoice,Production & invoice,الإنتاج والفاتورة,بەرهەمهێنان و فاکتورە
Invoice,Invoice,الفاتورة,پسوولە
Made in ,Made in,صنع في,دروستکراوە لە
Trim,Model variant,الفئة,جۆر
Production seq number,Production seq number,رقم تسلسل الإنتاج,ژمارەی زنجیرەی بەرهەمهێنان
There was no pictures of your car,"Sorry, we couldn't find your car with the VIN number provided.",عذرًا، لم نتمكن من العثور على سيارتك التي تحتوي على رقم الشاصي المقدم,ببورە، نەمانتوانی ئۆتۆمبێلەکەت بدۆزینەوە بەو ژمارەیەی شاسی کە پێشکەش کراوە
No money will be deducted from you,No charge was deducted from your card,لم يتم خصم أي رسوم من بطاقتك,هیچ پارەیەک لە کارتەکەت لێ نەبڕدرا
Chassis number (VIN),Chassis number (VIN),رقم الشاصي ,ژمارەی شاسی
Make,Make,الشركة,کۆمپانیا
Price,Price,السعر,نرخ
Year,Year,السنة,ساڵ
Depth,Depth,العمق,قووڵی
Model,Model,الموديل,مۆدێل
Body type,Body type,نوع الهيكل,جۆری بۆدی
Width,Width,العرض,پانی
4 wheel drive / Axle wheel drive,4 wheel drive / Axle wheel drive,الدفع الرباعي / الدفع بالعجلات المحورية,دەبڵ ئەکسیل /ئەکسیل ویل درایڤ
Height,Height,الارتفاع,بەرزی
Length,Length,الطول,دڕێژەی 
Pickup truck bed liner,Pickup truck bed liner,صافي صندوق البضائع,قەبارەی سەندوق
Cd player,Cd player,مشغل سي دي,سی دی پلەیەر
ABS breaks,ABS breaks,الفرامل ABS,برێک ABS
AM/FM radio,AM/FM radio,راديو ايه ام اف ام,ڕادیۆ AM FM
Cd changer,Cd changer,مغير الأقراص المضغوطة,گۆڕینی سی دی
Drive line,Drive line,خط القيادة,هێڵی لێخوڕین
DVD player,DVD player,مشغل دي في دي,دی ڤی دی پلەیەر
Fog lights,Fog lights,مصابيح الضباب,گڵۆپی تەم
Rear wiper,Rear wiper,ماسحة خلفية,فڵچە
Skid plate,Skid plate,لوحة انزلاقية,پلێتی خلیسکان
Subwoofer,Subwoofer,مضخم صوت,ئێمپلیفایەر
Track rear,Track rear,المسار الخلفي,ڕێڕەوی پشتەوە
Wheelbase,Wheelbase,قاعدة العجلات,ویلبەیس
Tachometer,Tachometer,مقياس سرعة الدوران,تاکۆمێتەر
Track front,Track front,المسار الأمامي,ڕێڕەوی پێشەوە
Alloy wheels,Alloy wheels,عجلات معدنية,تایەی کانزایی
Cargo length,Cargo length,طول صندوق البضائع,درێژی سندوقی بارهەڵگر
First aid kit,First aid kit,عدة الإسعافات الأولية,بوخچەی فریاکەوتنە سەرەتاییەکان
Front air dam,Front air dam,السد الهوائي الأمامي,بەنداوی هەوای پێشەوە
Leather seats,Leather seats,مقاعد جلدية,کورسی چەرم
Maximum GVWR,Maximum GVWR,أقصى GVWR,بەرزترین GVWR
Rear spoiler,Rear spoiler,سبويلر خلفي,سپۆیلەری دواوە
Steel wheels,Steel wheels,عجلات فولاذية,ویلەکانی ستيڵ 
Width at wall,Width at wall,العرض على الحائط,نمایش لەسەر دیوارەکە
Chrome wheels,Chrome wheels,عجلات كروم,ویلەکانی کرۆم
Driver airbag,Driver airbag,الكيس الهوائي للسائق,ئەیرباگی شۆفێر
Front hip room,Front hip room,مساحة الورك الأمامية,شوێنی پێشەوەی شان
Keyless entry,Keyless entry,الدخول بدون مفتاح,چوونە ژوورەوەی بێ کلیل
Power sunroof,Power sunroof,فتحة سقف كهربائية,سەقفی خۆری کارەبایی
Power windows,Power windows,نوافذ كهربائية,پەنجەرەی کارەبایی
Removable Top,Removable Top,الجزء العلوي القابل للإزالة,بەشی سەرەوەی کە دەتوانرێت لاببرێت
Run flat tires,Run flat tires,تشغيل الإطارات المثقوبة,ئیشکردنی تایەی تەخت
Rust duration,Rust duration,مدة الصدأ,ماوەی ژەنگاوی بوون
Splash guards,Splash guards,حراس دفقة,پاسەوانانی سپلاش
Standard GVWR,Standard GVWR,GVWR القياسية,ستاندارد GVWR
Tilt Steering,Tilt Steering,إماله المقود,سوكانه كه مەیل بکە
Trip Computer,Trip Computer,كمبيوتر الرحلة,کۆمپیوتەری گەشت
Cruise control,Cruise control,مثبت السرعة,گەشتی دەریایی
Manual sunroof,Manual sunroof,فتحة سقف يدوية,سەقفی دەستی دەستی
Maximum towing,Maximum towing,الحد الأقصى للسحب,زۆرترین کشانەوە
Navigation aid,Navigation aid,مساعدة الملاحة,یارمەتی گەشتکردن
Power trunk lid,Power trunk lid,غطاء صندوق الطاقة,کەڤەری پاوەر بۆکس
Running boards,Running boards,لوحات الكهرباء,پانێڵەکانی کارەبا
Cargo area cover,Cargo area cover,غطاء منطقة صندوق الشحن,ناوچەی سندوقی بارهەڵگرەکە داپۆشە
Cassette player,Cassette player,مشغل كاسيت,ئامێری کاسێت
Interval wipers,Interval wipers,مساحات الفاصلة,بۆشایی کۆما
Maximum payload,Maximum payload,الحمولة القصوى,زۆرترین بار
Power door locks,Power door locks,أقفال أبواب كهربائية,قوفڵی دەرگای کارەبایی
Remote ignition,Remote ignition,تشغيل عن بعد,کارکردن لە دوورەوە
Standard towing,Standard towing,السحب قياسي,کشانەوەی ستاندارد
Air conditioning,Air conditioning,مكيف الهواء,تبريد
Deep tinted glass,Deep tinted glass,زجاج ملون عميق,شووشەی ڕەنگاوڕەنگی قووڵ
Front cooled seat,Front cooled seat,مقعد أمامي مبرد,کوشنی پێشەوەی سارد کەرەوە
Front heated seat,Front heated seat,مقعد أمامي مدفأ,کوشنی پێشەوەی گەرم کەرەوە
Front Side airbag,Front Side airbag,الكيس الهوائي جانبي أمامي,کیسی هەوا پێشەوەیە
Genuine wood trim,Genuine wood trim,زخرفة خشبية أصلية,دیکۆراتی دار ئەسڵی
Optional seating,Optional seating,مقاعد اختيارية,کورسی ئیختیاری
Passenger Airbag,Passenger Airbag,الكيس الهوائي للركاب,کیسی هەوای سەرنشین
Passenger volume,Passenger volume,سعة الركاب,توانای سەرنشین
Standard payload,Standard payload,الحمولة القياسية,باری سوودبەخشی ستاندارد
Traction control,Traction control,التحكم في الجر,کۆنترۆڵی ڕاکێشان
Curb weight manual,Curb weight manual,دليل الوزن الصافي,ڕێنمایی کێشی تۆڕ
Telematic System,Telematic System,نظام عن بعد,سیستەمی دوور
Tow hitch receiver,Tow hitch receiver,جهاز استقبال وصلة السحب,وەرگری ڕاکێشان
Vehicle anti theft,Vehicle anti theft,مكافحة سرقة السيارة,دژە دزینی ئۆتۆمبێل
Width at wheel well,Width at wheel well,العرض في عجلة جيدا,نمایشەکە بە پەلەیەکی باشدایە
Cargo area tie down,Cargo area tie down,منطقة صندوق الحمولة مربوطة لأسفل,ناوچەی سندوقی بارهەڵگرەکە بەستراوەتەوە بۆ خوارەوە
Full size spare tire,Full size spare tire,إطار احتياطي كامل الحجم,تایەی یەدەگی تەواو قەبارە
Rain sensing wipers,Rain sensing wipers,ماسحات استشعار المطر,ئامێری پاککەرەوەی هەستکردن بە باران
Rear window defogger,Rear window defogger,مزيل ضباب الزجاج الخلفي,تەمشکێنی پەنجەرەی دواوە
Tilt steering column,Tilt steering column,إمالة عمود القيادة,مەیلکردنی ستوونی فەرمان
Automatic headlights,Automatic headlights,المصابيح الأمامية أوتوماتيكية,گڵۆپی پێشەوەی ئۆتۆماتیکی
Front split bench seat,Front split bench seat,مقعد أمامي مقسم,کورسی پێشەوەی دابەشکراو
Heated steering wheel,Heated steering wheel,عجلة قيادة مُدفأة,سوکانێکی گەرم کەرەوە
Locking differential,Locking differential,قفل التفاضلية,جیاوازی قفڵکردن
Pickup truck bed liner,Pickup truck bed liner,بطانة سرير شاحنة بيك اب,لاینەری جێگەی نوستن لە ئۆتۆمبێلی پیکاپ
Second row heated seat,Second row heated seat,مقعد الصف الثاني مدفأ,کورسی ڕیزی دووەم گەرم دەکرێت
Second row side airbag,Second row side airbag,كيس هوائي جانبي للصف الثاني,ئەیرباگی لایەنی ڕیزی دووەم
Tire pressure monitor,Tire pressure monitor,مراقبة ضغط الإطارات,چاودێریکردنی پەستانی تایەی ئۆتۆمبێل
Trunk anti trap device,Trunk anti trap device,جهاز مضاد للفخ,ئامێری دژە تەڵە
Adjustable foot pedals,Adjustable foot pedals,دواسات القدم قابلة للتعديل,پێداڵی پێی ڕێکدەخرێت
Child safety door locks,Child safety door locks,أقفال أبواب لسلامة الأطفال,قوفڵی دەرگای سەلامەتی منداڵان
Daytime running lights,Daytime running lights,أضواء التشغيل النهارية,گڵۆپی ڕۆژانە
Electronic parking aid,Electronic parking aid,المساعد الإلكتروني في ركن السيارة,یاریدەدەری وەستانی ئۆتۆمبێلی ئەلیکترۆنی
Front power memory seat,Front power memory seat,مقعد أمامي مزود بذاكرة كهربائية,کوشنی پێشەوە بە بیرگەی کارەبایی
Heated exterior mirror,Heated exterior mirror,مرآة خارجية مدفأة,ئاوێنەیەکی دەرەوەی گەرم کەرەوە
leather steering wheel,leather steering wheel,عجلة قيادة جلدية,سوکانێکی چەرم
Second row folding seat,Second row folding seat,مقعد الصف الثاني قابل للطي,کوشنی ڕیزی دووەم دەتوانرێت بچەمێنرێتەوە
Automatic load leveling,Automatic load leveling,التسوية التلقائية للحمل,ئاستکردنی بار بە شێوەیەکی ئۆتۆماتیکی
Side head curtain airbag,Side head curtain airbag,كيس هوائي جانبي للرأس,کیسی هەوای سەری لایەنی
Third row removable seat,Third row removable seat,مقعد الصف الثالث قابل للإزالة,کوشنی ڕیزی سێیەم دەتوانرێت لاببرێ
Second row removable seat,Second row removable seat,مقعد الصف الثاني قابل للإزالة,کوشنی ڕیزی دووەم دەتوانرێت لاببرێ
Second row sound controls,Second row sound controls,عناصر التحكم بالصوت في الصف الثاني,کۆنتڕۆڵی دەنگ لە ڕیزی دووەمدا
Front power lumbar support,Front power lumbar support,دعم أسفل الظهر الأمامي بالطاقة للسيارة,پشتگیری پێشەوەی کەمەر بە کارەبا بۆ ئۆتۆمبێل
Limited slip differential,Limited slip differential,فارق الانزلاق المحدود,جیاوازی سنووردار لە خلیسکان
Load bearing exterior rack,Load bearing exterior rack,حامل خارجي يحمل الحمل,ستاندێکی دەرەکی بارەکە دەگرێت
Power sliding side van door,Power sliding side van door,باب الشاحنة الجانبي المنزلق كهربائيًا,دەرگای بارهەڵگری لایەنی خلیسکێنەی کارەبایی
Voice activated telephone,Voice activated telephone,هاتف يعمل بالصوت,مۆبایل بە دەنگ کاردەکات
Pickup truck cargo box light,Pickup truck cargo box light,ضوء صندوق شحن شاحنة صغيرة,گڵۆپی سندوقی بارهەڵگری مینی بارهەڵگر
Telescopic steering column,Telescopic steering column,عمود التوجيه التلسكوبي,ستوونی فەرمان بە تەلەسکۆپی
Towing preparation package,Towing preparation package,حزمة التحضير للسحب,پاکێجی ئامادەکاری بکێشە
Electronic brake assistance,Electronic brake assistance,مساعدة الفرامل الإلكترونية,یارمەتی بريكى ئەلیکترۆنی
Locking pickup truck tailgate,Locking pickup truck tailgate,قفل الباب الخلفي للشاحنة,قوفڵی دەرگای دواوەی بارهەڵگر
Glass rear window on convertible,Glass rear window on convertible,زجاج النافذة الخلفية في السيارة المكشوفة,شووشەی پەنجەرەی دواوەی ئۆتۆمبێلێکی گۆڕاو (سەقف کەشف)
Sliding rear pickup truck Window,Sliding rear pickup truck Window,نافذة شاحنة بيك اب خلفية منزلقة,پەنجەرەی پیکاپەکەی دواوەی خلیسکێنە
Steering wheel mounted controls,Steering wheel mounted controls,أدوات التحكم المثبتة على عجلة القيادة,کۆنتڕۆڵەکانی جێگیرکراوی سوکان
Wind deflector for convertible,Wind deflector for convertible,عاكس الرياح للتحويل,ئامێری لابردنی بای گۆڕاو
Power adjustable exterior mirror,Power adjustable exterior mirror,مرآة خارجية قابلة للتعديل كهربائياً,ئاوێنەیەکی دەرەوەی بە کارەبا ڕێکدەخرێت
Vehicle stability control system,Vehicle stability control system,نظام التحكم بثبات السيارة,سیستەمی کۆنترۆڵکردنی سەقامگیری ئۆتۆمبێل
Driver multi adjustable power seat,Driver multi adjustable power seat,مقعد السائق الكهربائي متعدد الضبط,کورسی شۆفێری کارەبایی فرە ڕێکدەخرێت
High intensity discharge headlights,High intensity discharge headlights,مصابيح أمامية ذات تفريغ عالي الكثافة,گڵۆپی پێشەوەی دەرچوون بە چڕی بەرز
Front Side airbag with head protection,Front Side airbag with head protection,كيس هوائي أمامي جانبي مع حماية للرأس,ئەیرباگی لای پێشەوە لەگەڵ پاراستنی سەر
Passenger multi adjustable power seat,Passenger multi adjustable power seat,مقعد كهربائي متعدد قابل للتعديل للركاب,کورسی سەرنشینی کارەبایی فرە ڕێکدەخرێت
Second row multi adjustable power seat,Second row multi adjustable power seat,مقاعد الصف الثاني قابلة للتعديل كهربائياً,کورسییەکانی ڕیزی دووەم بە شێوەیەکی کارەبایی ڕێکدەخرێن
Electrochromic exterior rearview mirror,Electrochromic exterior rearview mirror,مرآة الرؤية الخلفية الخارجية الكهروكرومية,ئاوێنەیەکی دواوەی دەرەوەی کارەبایی
Electrochromic interior rearview mirror,Electrochromic interior rearview mirror,مرآة الرؤية الخلفية الداخلية الكهروكروميك,ئاوێنەیەکی دواوەی ناوەوەی کارەبایی
Second row side airbag with head protection,Second row side airbag with head protection,كيس هوائي جانبي للصف الثاني مع حماية للرأس,ئەیرباگی لایەنی ڕیزی دووەم لەگەڵ پاراستنی سەر
Separate driver front passenger climate controls,Separate driver front passenger climate controls,تحكم منفصل بالمناخ للسائق والراكب الأمامي,کۆنترۆڵی کەشوهەوای جیاواز بۆ شۆفێر و سەرنشینی پێشەوە
gallon,gallon,جالون,گاڵۆن
in.,in.,بوصة,ئینج
ft.,ft.,قدم,قاچ
miles,miles,اميال,میل
Bisque Leather Interior | Light Gray Leather Interior,Bisque Leather Interior | Light Gray Leather Interior,تصميم داخلي من الجلد البيسك | جلد داخلي باللون الرمادي الفاتح,دیزاینی ناوەوەی چەرمێکی بیسک ناوەوەی چەرمێکی خۆڵەمێشی سووک
Unlimited mile,Unlimited mile,عدد غير محدود من الأميال,
month,month,شهر,مانگ
Alien 2 | Bright Silver | Clear White | Shadow Black,Alien 2 | Bright Silver | Clear White | Shadow Black,الغريبة 2 | فضي لامع | كلير وايت | الظل الأسود,ئەلیەن ٢ | زیوی بریقەدار | سپی ڕوون | سێبەر ڕەش
Disc,Disc,قرص,سى دى
Semi,Semi,نصف,نیو
Wheel ABS,Wheel ABS,نظام منع انغلاق المكابح (ABS) للعجلات,سیستەمی ئیستۆپی دژە قفڵ (ABS) بۆ ویلەکان
Coil,Coil,ملف,کویل
Speed Manual,Speed Manual, سرعات يدوي,خێراییەکانی دەستی
"Black, cloth","Black, cloth",أسود، قماش,ڕەش، قوماش
Speed Automatic,Speed Automatic, سرعات اوتوماتيك,خێراییە ئۆتۆماتیکیەکان
Saloon,Saloon,صالون,صاڵۆن
Estate,Estate, ستيشن,ستێشن 
SUV,SUV,دفع رباعي,دەبڵ ئەکسڵ
MPV,MPV, متعددة الأغراض,فرە مەبەست
Pickup,Pickup, بيك اب,پیكاب
Hatchback,Hatchback,هاتشباك,هاچباک
Coupe,Coupe,كوبيه,کوپ
Convertible,Convertible, مكشوفة,گۆڕاو 
SEDAN,Saloon,صالون,صاڵۆن
WAGON,Estate, ستيشن,ستێشن 
SPORTS VAN,SUV,دفع رباعي,دەبڵ ئەکسڵ
SPORT UTILITY,MPV, متعددة الأغراض,فرە مەبەست
Pickup Truck,Pickup, بيك اب,پیكاب
Minivan,MPV, متعددة الأغراض,فرە مەبەست
Crossover,SUV,دفع رباعي,دەبڵ ئەکسڵ
Hatchback,Hatchback,هاتشباك,هاچباک
SUV,SUV,دفع رباعي,دەبڵ ئەکسڵ
Saloon,Saloon,صالون,صاڵۆن
Estate,Estate, ستيشن,ستێشن 
Coupe,Coupe,كوبيه,کوپ
Convertible,Convertible, مكشوفة,گۆڕاو 
MPV,MPV, متعددة الأغراض,فرە مەبەست
Pickup,Pickup, بيك اب,پیكاب
Station Wagon,MPV, متعددة الأغراض,فرە مەبەست
Crossover,MPV, متعددة الأغراض,فرە مەبەست
,,,
,,,
,,,
,,,
,,,
,,,
,,,
,,,
,,,
profile,,,
,,,
Change language,Change language,تغيير اللغة,زمانەکە بگۆڕە 
Appearance,Appearance,المظهر,ڕووخسار
Push notifications,Push notifications,إشعارات,ئاگادارییەکان
Guides,Guides,إرشادات,ڕێنماییەکان
FAQs,FAQs,الأسئلة الشائعة, پرسیارە زۆرەکان
Term & Conditions,Terms and Conditions,الأحكام والشروط,مەرج و ڕێساکان
Privacy policy,Privacy policy,سياسة الخصوصية,سیاسەتی تایبەتمەندییەتی
Settings,Settings,الإعدادات,ڕێکخستنەکان
About,About,حول,دەربارەی
Other,Other,أخرى,ئی تر
Transaction,Transactions,النشاط التجاري ,چالاکییە بازرگانییەکان
Performance,Performance,الأداء,ئەدا
Check my car,Check your car,تحقق من سيارتك,دڵنیابه لە ئۆتۆمبێلەکەت
Personal information,Personal information,المعلومات الشخصية,زانیاری کەسی
My profile,My profile,ملفي الشخصي,پرۆفایڵەکەم
Logout,Log out,تسجيل خروج,چوونەدەرەوە
Delete account,Delete account,حذف الحساب,ئەکاونتەکە بسڕەوە
Viewing rate,Viewing rate,معدل المشاهدة,ڕێژەی بینین
Product views,Ads views,مشاهدات الإعلانات,بینینی ڕێکلامەکان
Profile views,Profile views,مشاهدات الحساب,بینینی ئەکاونتەکان
Most viewed,Most viewed,الأكثر مشاهدة,زۆرترین بینراو
Transaction,Transactions,النشاط التجاري ,چالاکییە بازرگانییەکان
monthly,Monthly,شهرياً,مانگانە
weekly,Weekly,أسبوعياً,هەفتانە
daily,Daily,يومياً,ڕۆژانە
Invoice ID,INVOICE ID,رقم الفاتورة,ژمارەی وەصڵ
View,View,عرض,ئۆفەرێک
status,STATUS,الحالة,بارودۆخ
price,PRICE,السعر,نرخەکەی
male,Male,ذكر,نێرینە
female,Female,أنثى,مێینە
Save change,Save changes,حفظ التغييرات,گۆڕانکارییەکان بپارێزە
Main information,Main information,المعلومات الرئيسية,زانیاری سەرەکی
Documents,KYC Documents,ملفات اعرف عميلك (KYC),فایلەکانی کڕیارەکەت بناسە (KYC)
change,Change,تغيير,گۆڕانکاری
Pending,Pending aprroval,في انتظار الموافقة,چاوەڕوانی پەسەندکردنە
Approval,Approved,موافق عليه,پەسەندکراو
Your KYC has been rejected,Your KYC has been rejected,لقد تم رفض ملفات اعرف عميلك (KYC),فایلەکانی کڕیارەکەت بناسە (KYC) ڕەفز بوو.
Dark,Dark,داكن,تاریک
Confirm logout,Confirm log out,تأكيد تسجيل الخروج,دەرچوون پشتڕاست بکەرەوە
You are about to log out of your account.,Are you sure you want to log out,هل أنت متأكد أنك تريد تسجيل الخروج,دڵنیای کە دەتەوێت بچیتە دەرەوە؟
Contact us,Contact us ,اتصل بنا,پەیوەندیمان پێوە بکەن
Delete account,Delete account,حذف الحساب,ئەکاونتەکە بسڕەوە
Name,Name,الاسم,ناو
Day of birth,Date of birth,تاريخ الميلاد,بەرواری لەدایکبوون
select a reason,Select a reason,اختر السبب,هۆکارەکە هەڵبژێرە
your massage,Your message,رسالتك,پەیامەکەت
"This will be a permanent action! Are you
sure you want to close your account?",This will be a permanent action! Are you sure you want to close your account?,هذا سيكون عملاً دائماً! هل أنت متأكد أنك تريد إغلاق حسابك؟,ئەمە هەمیشە کاردەکات!  ئایا دڵنیای کە دەتەوێت ئەکاونتەکەت دابخەیت؟
Delete my account,Delete my account,حذف حسابي,ئەکاونتەکەم بسڕەوە
Disinterest or inactivity,Disinterest or inactivity,عدم الاهتمام أو عدم النشاط,نەبوونی ئارەزووی یان ناچالاکی
Dissatisfaction with the services,Dissatisfaction with the services,عدم الرضا عن الخدمات,ناڕازیبوون لە خزمەتگوزارییەکان
Switching to competing services,Switching to competing services,التحول إلى الخدمات المنافسة,گۆڕینی بۆ خزمەتگوزارییە کێبڕکێکارەکان
Fraudulent activity,Fraudulent activity,نشاط احتيالي,چالاکیی ساختەکاری
Discontinuation of services,Discontinuation of services,توقف الخدمات,وەستانی خزمەتگوزارییەکان
Privacy concerns,Privacy concerns,المخاوف المتعلقة بالخصوصية,نیگەرانییەکانی پاراستنی نهێنی
Security concerns,Security concerns,مخاوف أمنية,نیگەرانییە ئەمنییەکان
Payment issues,Payment issues,مشاكل تتعلق بالدفع,پرسی پارەدان
To delete your account a one time password has been sent to your whatsApp.,"To delete your account, a one time password has been sent to your WhatsApp",لحذف حسابك، تم إرسال كلمة مرور لمرة واحدة على الواتساب الخاص بك,بۆ سڕینەوەی ئەکاونتەکەت، پاسۆردێکی یەکجارەکی بۆ واتسئەپەکەت نێردراوە.
Support,Support,الدعم,پشتیوانیکردن
Enquiring about something,Enquiring about something,الاستفسار عن شيئ,پرسیار لە شتێک بکە
Enquire now,Enquire now,استفسر الآن,ئێستا پرسیار بکە
You do not have any request,You do not have any transactions,ليس لديك أي معاملات مالية,هیچ مامەڵەیەکی داراییت نییە.
,,,
,,,
,,,
,,,
,,,
,,,
,,,
Messages,,,
,,,
typing,Typing,جاري الكتابة,نووسین
Draft,Draft,مسودة,ڕەشنووس
All,All,الكل,گشت
Unread,Unread,غير مقروءة,نەخوێنراوەتەوە
Search in Messages,Search messages,البحث في الرسائل,لە نامەکاندا بگەڕێ
Select the attachment,Select attachment,حدد المرفق,هاوپێچ هەڵبژێرە
Camera,Camera,كاميرا,کامێرا
profile,Account,الحساب ,ئەکاونتەکە
My Location,Location,الموقع,شوێن
Document,Document,مستند,بەڵگەنامە
Record,Record,تسجيل,تۆمارکردن
Send Your Live Location,Share your live location,شارك موقعك المباشر,شوێنی لایڤەکەت بڵاوبکەرەوە
Nearby Places,Nearby places,الأماكن القريبة,شوێنەکانی نزیک
Send Your Current Location,Send your current location,أرسل موقعك الحالي,شوێنی ئێستات بنێرە
Send,Send,إرسال,ناردن
Message,Write a message,اكتب رسالة,پەیامێک بنووسە
Write a caption ,Write a message,اكتب رسالة,پەیامێک بنووسە
Are you sure you want to delete this conversation?,Are you sure you want to delete this message?,هل أنت متأكد أنك تريد حذف هذه الرسالة؟,دڵنیای کە دەتەوێت ئەم پەیامە بسڕیتەوە؟
The operation was successful,The message was deleted successfully,تم حذف الرسالة بنجاح,پەیامەکە بە سەرکەوتوویی سڕاوەتەوە
The conversation was deleted,,,
Today,Today,اليوم,ئەمڕۆ
Yesterday,Yesterday,أمس,دوێنێ
Unread massage,Unread message,رسالة غير مقروءة,پەیامی نەخوێندراو
You do not have any messages,You do not have any messages,ليس لديك أي رسالة,هیچ پەیامێکتان نییە
1 Month ago,1 Month ago,منذ شهر,1 مانگ پێش ئێستا
Year ago,Year ago,منذ سنة,ساڵێک لەمەوبەر
Years ago,Years ago,منذ سنوات,ساڵانێک لەمەوبەر